

CREATE TABLE `books` (
  `book_id` int(11) NOT NULL AUTO_INCREMENT,
  `cat_id` int(11) DEFAULT NULL,
  `book_serialnumber` varchar(64) COLLATE utf8_unicode_ci DEFAULT NULL,
  `book_name` varchar(256) COLLATE utf8_unicode_ci DEFAULT NULL,
  `book_author` varchar(256) COLLATE utf8_unicode_ci DEFAULT NULL,
  `book_year` int(11) DEFAULT NULL,
  `book_language` varchar(64) COLLATE utf8_unicode_ci DEFAULT NULL,
  `book_subject` varchar(64) COLLATE utf8_unicode_ci DEFAULT NULL,
  `book_class` varchar(30) COLLATE utf8_unicode_ci DEFAULT NULL,
  `student_cat` varchar(64) COLLATE utf8_unicode_ci DEFAULT NULL,
  `book_edition` varchar(256) COLLATE utf8_unicode_ci DEFAULT NULL,
  `book_school` varchar(256) COLLATE utf8_unicode_ci DEFAULT NULL,
  `book_chapter` int(11) DEFAULT NULL,
  `book_quantity` int(11) DEFAULT NULL,
  `book_cost` float DEFAULT NULL,
  `book_number` int(11) DEFAULT NULL,
  `book_exist` varchar(64) COLLATE utf8_unicode_ci DEFAULT NULL,
  `writed_on_date` date NOT NULL,
  `removed_date` date DEFAULT NULL,
  PRIMARY KEY (`book_id`)
) ENGINE=MyISAM AUTO_INCREMENT=57 DEFAULT CHARSET=utf8 COLLATE=utf8_unicode_ci;

INSERT INTO books VALUES("1","1","","","A.Durdy√Ωew","2019","","Harplyk","1-nji synp","","","","","50","0","","true","2022-10-07","");
INSERT INTO books VALUES("2","1","","","A.Durdy√Ωew","2019","","Matematika I b√∂l√ºm","1-nji synp","","","","","100","0","","true","2022-10-07","");
INSERT INTO books VALUES("3","1","","","A.Durdy√Ωew","2019","","Matematika II b√∂l√ºm","1-nji synp","","","","","100","0","","true","2022-10-07","");
INSERT INTO books VALUES("4","1","","","A.Durdy√Ωew","2019","","A√Ωdym-saz","1-nji synp","","","","","150","0","","true","2022-10-07","");
INSERT INTO books VALUES("5","1","","","A.Durdy√Ωew","2019","","√ùa≈üa√Ωy≈ü durmu≈ü esaslary","1-nji synp","","","","","100","0","","true","2022-10-07","");
INSERT INTO books VALUES("6","1","","","A.Durdy√Ωew","2019","","Rus-dili","1-nji synp","","","","","100","0","","true","2022-10-07","");
INSERT INTO books VALUES("7","1","","","A.Durdy√Ωew","2019","","Surat","1-nji synp","","","","","160","0","","true","2022-10-07","");
INSERT INTO books VALUES("8","1","","","A.Durdy√Ωew","2019","","Informatikany≈à esaslary","1-nji synp","","","","","190","0","","true","2022-10-07","");
INSERT INTO books VALUES("9","1","","","A.Durdy√Ωew","2019","","Inlis Dili","1-nji synp","","","","","235","0","","true","2022-10-07","");
INSERT INTO books VALUES("10","1","","","A.Durdy√Ωew","2019","","√áeper√ßilik Z√§hmeti","1-nji synp","","","","","180","0","","true","2022-10-07","");
INSERT INTO books VALUES("11","1","","","A.Durdy√Ωew","2022","","Harplyk","1-nji synp","","","","","320","0","","true","2022-11-07","");
INSERT INTO books VALUES("12","1","","","A.Durdy√Ωew","2016","","Ene dili","2-nji synp","","","","","160","0","","true","2022-10-07","");
INSERT INTO books VALUES("13","1","","","A.Durdy√Ωew","2016","","T√ºrkmen-dili","2-nji synp","","","","","160","0","","true","2022-10-07","");
INSERT INTO books VALUES("14","1","","","A.Durdy√Ωew","2017","","Matematika II b√∂lek","2-nji synp","","","","","160","0","","true","2022-10-07","");
INSERT INTO books VALUES("15","1","","","A.Durdy√Ωew","2016","","–†—É—Å—Å–∫–∏–π —è–∑—ã–∫","2-nji synp","","","","","115","0","","true","2022-10-07","");
INSERT INTO books VALUES("16","1","","","A.Durdy√Ωew","2016","","English I b√∂lek","2-nji synp","","","","","115","6.72","","true","2022-10-07","");
INSERT INTO books VALUES("17","1","","","A.Durdy√Ωew","2016","","English II b√∂lek","2-nji synp","","","","","115","6.47","","true","2022-10-07","");
INSERT INTO books VALUES("18","1","","","A.Durdy√Ωew","2016","","Z√§hmet","2-nji synp","","","","","115","5.79","","true","2022-10-07","");
INSERT INTO books VALUES("19","1","","","A.Durdy√Ωew","2016","","≈ûekillendiri≈ü sungaty","2-nji synp","","","","","115","3.13","","true","2022-10-07","");
INSERT INTO books VALUES("20","1","","","A.Durdy√Ωew","2016","","A√Ωdym-saz","2-nji synp","","","","","160","0","","true","2022-10-07","");
INSERT INTO books VALUES("21","1","","","A.Durdy√Ωew","2016","","√ùa≈üa√Ωy≈ü durmu≈ü esaslary","2-nji synp","","","","","115","4.09","","true","2022-10-07","");
INSERT INTO books VALUES("22","1","","","A.Durdy√Ωew","2016","","Turkmen-dili","8-nji synp (7√Ωa≈ü)","","","","","110","7.3","","true","2022-10-07","");
INSERT INTO books VALUES("23","1","","","A.Durdy√Ωew","2016","","Rus-dili","8-nji synp (7√Ωa≈ü)","","","","","115","0","","true","2022-10-07","");
INSERT INTO books VALUES("24","1","","","A.Durdy√Ωew","2016","","Himi√Ωa","8-nji synp (7√Ωa≈ü)","","","","","126","0","","true","2022-10-07","");
INSERT INTO books VALUES("25","1","","","A.Durdy√Ωew","2016","","Fizika","8-nji synp (7√Ωa≈ü)","","","","","126","0","","true","2022-10-07","");
INSERT INTO books VALUES("26","1","","","A.Durdy√Ωew","2013","","T√ºrk. Dur. ykd. geogr-y","8-nji synp (7√Ωa≈ü)","","","","","107","9.1","","true","2022-10-07","");
INSERT INTO books VALUES("27","1","","","A.Durdy√Ωew","2017","","Geometri√Ωa","8-nji synp (7√Ωa≈ü)","","","","","140","5.48","","true","2022-10-07","");
INSERT INTO books VALUES("28","1","","","A.Durdy√Ωew","2016","","T√ºrkmenistany≈à taryhy","8-nji synp (7√Ωa≈ü)","","","","","125","5.05","","true","2022-10-07","");
INSERT INTO books VALUES("29","1","","","A.Durdy√Ωew","2017","","T√§ze taryhy","8-nji synp (7√Ωa≈ü)","","","","","122","0","","true","2022-10-07","");
INSERT INTO books VALUES("30","1","","","A.Durdy√Ωew","2012","","Biologi√Ωa","8-nji synp (7√Ωa≈ü)","","","","","100","9.24","","true","2022-10-07","");
INSERT INTO books VALUES("31","1","","","A.Durdy√Ωew","2012","","Hukuk","8-nji synp (7√Ωa≈ü)","","","","","100","6.17","","true","2022-10-07","");
INSERT INTO books VALUES("32","1","","","A.Durdy√Ωew","2014","","Hukuk","8-nji synp (7√Ωa≈ü)","","","","","5","4.424","","true","2022-10-07","");
INSERT INTO books VALUES("33","1","","","A.Durdy√Ωew","2020","","Turkmen-dili","8-nji synp","","","","","280","0","","true","2022-10-07","");
INSERT INTO books VALUES("34","1","","","A.Durdy√Ωew","2020","","Geometri√Ωa","8-nji synp","","","","","230","2.83","","true","2022-10-07","");
INSERT INTO books VALUES("35","1","","","A.Durdy√Ωew","2020","","Informatika","9-njy synp","","","","","500","0","","true","2022-10-07","");
INSERT INTO books VALUES("36","1","","","A.Durdy√Ωew","2017","","T√§ze taryhy","9-njy synp (7√Ωa≈ü)","","","","","15","0","","true","2022-10-07","");
INSERT INTO books VALUES("37","1","","","A.Durdy√Ωew","2016","","Umumy biologi√Ωa","9-njy synp (7√Ωa≈ü)","","","","","25","0","","true","2022-10-07","");
INSERT INTO books VALUES("38","1","","","A.Durdy√Ωew","2018","","Himi√Ωa","9-njy synp (7√Ωa≈ü)","","","","","10","0","","true","2022-10-07","");
INSERT INTO books VALUES("39","1","","","B.Hemra√Ωew","2014","","I≈àlis Dili","11-nji synp (7√Ωa≈ü)","","","","","10","0","","true","2022-10-09","");
INSERT INTO books VALUES("40","1","","","B.Hemra√Ωew","2010","","T√§ze okatmagy≈à usul√Ωeti","11-nji synp (7√Ωa≈ü)","","","","","1","12.39","","true","2022-11-09","");
INSERT INTO books VALUES("42","3","","","B.Hemra√Ωew","2021","","Matematika","1-nji synp","","","","1","335","3.75","","true","2022-10-09","");
INSERT INTO books VALUES("43","3","","","B.Hemra√Ωew","2022","","I≈àlis Dili","2-nji synp","","","","1","260","0","","true","2022-11-09","");
INSERT INTO books VALUES("44","2","A01E1","Be√Ωik Seljukly","√ùazmyrat M√§mmedi","2020","T√ºrkmen dilinde","","","2","TDNG","","","5","15.43","","true","2022-10-09","");
INSERT INTO books VALUES("45","2","A01E2","Be√Ωik Seljukly","√ùazmyrat M√§mmedi","2020","T√ºrkmen dilinde","","","2","TDNG","","","5","15.43","","true","2022-10-09","");
INSERT INTO books VALUES("46","2","A01E3","Be√Ωik Seljukly","√ùazmyrat M√§mmedi","2020","T√ºrkmen dilinde","","","2","TDNG","","","5","15.43","","true","2022-10-09","");
INSERT INTO books VALUES("47","2","A01E4","Be√Ωik Seljukly","√ùazmyrat M√§mmedi","2020","T√ºrkmen dilinde","","","2","TDNG","","","5","15.43","","true","2022-10-09","");
INSERT INTO books VALUES("48","2","A01E5","Be√Ωik Seljukly","√ùazmyrat M√§mmedi","2020","T√ºrkmen dilinde","","","2","TDNG","","","5","15.43","","true","2022-10-09","");
INSERT INTO books VALUES("49","2","M9E","–°—á–∞—Å—Ç—å–µ –º–æ–µ","Hajy Kakaly√Ωew","2021","Rus dilinde","","","2","TDNG","","","1","31.21","","true","2022-10-09","");
INSERT INTO books VALUES("50","5","M9E","Ak ≈ü√§herim A≈ügabat","Gurbanguly Berdimuhamedow","2021","Rus dilinde","","","","","","","1","127.69","","true","2022-10-09","");
INSERT INTO books VALUES("51","2","M1E1","Orta mekdeplerde bedenterbi√Ωe dersi bo√Ωun√ßa synpdan da≈üary i≈üleri guramagy≈à usullar","S.Alty√Ωew","2021","Rus dilinde","","","3","TDNG","","","2","0","","true","2022-10-09","");
INSERT INTO books VALUES("52","2","M1E2","Orta mekdeplerde bedenterbi√Ωe dersi bo√Ωun√ßa synpdan da≈üary i≈üleri guramagy≈à usullar","S.Alty√Ωew","2021","Rus dilinde","","","3","TDNG","","","2","0","","true","2022-11-09","");
INSERT INTO books VALUES("53","4",""," Matematikadan usuly ","A√ßilowa Awe","2021","","Matematika","","","","","","7","0","","true","2022-10-09","");
INSERT INTO books VALUES("54","4","","ba≈ülangy√ß synplar √º√ßin okuw gollanma","R.Nazarow","2021","","I≈àlis Dili","","","","","","7","15.75","","true","2022-11-09","");





CREATE TABLE `borrowed_books` (
  `borrow_id` int(11) NOT NULL AUTO_INCREMENT,
  `book_id` int(11) NOT NULL,
  `borrow_date` date NOT NULL,
  `return_date` date DEFAULT NULL,
  `book_return` varchar(64) COLLATE utf8_unicode_ci NOT NULL,
  `student_id` int(11) DEFAULT NULL,
  `teacher_id` int(11) DEFAULT NULL,
  `book_quantity` int(11) NOT NULL,
  `borrow_exist` varchar(64) COLLATE utf8_unicode_ci NOT NULL,
  PRIMARY KEY (`borrow_id`)
) ENGINE=MyISAM AUTO_INCREMENT=10 DEFAULT CHARSET=utf8 COLLATE=utf8_unicode_ci;

INSERT INTO borrowed_books VALUES("4","40","2022-10-13","","0","7","","1","1");
INSERT INTO borrowed_books VALUES("2","54","2022-10-10","","0","","7","0","1");
INSERT INTO borrowed_books VALUES("3","54","2022-10-10","","0","","8","0","1");
INSERT INTO borrowed_books VALUES("5","55","2022-10-13","","0","7","","0","1");
INSERT INTO borrowed_books VALUES("6","55","2022-10-13","","0","2","","0","1");
INSERT INTO borrowed_books VALUES("7","55","2022-10-13","","0","3","","0","1");
INSERT INTO borrowed_books VALUES("8","56","2022-10-17","","0","","4","0","1");
INSERT INTO borrowed_books VALUES("9","51","2022-10-17","","0","","1","0","1");





CREATE TABLE `classes` (
  `class_id` int(11) NOT NULL AUTO_INCREMENT,
  `class_name` varchar(64) COLLATE utf8_unicode_ci NOT NULL,
  `added_year` year(4) NOT NULL,
  PRIMARY KEY (`class_id`)
) ENGINE=MyISAM AUTO_INCREMENT=34 DEFAULT CHARSET=utf8 COLLATE=utf8_unicode_ci;

INSERT INTO classes VALUES("1","10-≈Ω","2022");
INSERT INTO classes VALUES("2","11-a","2022");
INSERT INTO classes VALUES("3","10-e","2022");
INSERT INTO classes VALUES("4","10-i","2022");
INSERT INTO classes VALUES("5","10-√§","2022");
INSERT INTO classes VALUES("6","10-√ß","2022");
INSERT INTO classes VALUES("7","10-b","2022");
INSERT INTO classes VALUES("8","10-√","2022");
INSERT INTO classes VALUES("9","10-É","2022");
INSERT INTO classes VALUES("10","10-¬","2022");
INSERT INTO classes VALUES("11","10-º","2022");
INSERT INTO classes VALUES("12","10-√á","2022");
INSERT INTO classes VALUES("13","10-D","2022");
INSERT INTO classes VALUES("14","10-√Ñ","2022");
INSERT INTO classes VALUES("15","10-F","2022");
INSERT INTO classes VALUES("16","10-G","2022");
INSERT INTO classes VALUES("17","10-H","2022");
INSERT INTO classes VALUES("18","10-J","2022");
INSERT INTO classes VALUES("19","10-≈Ω","2022");
INSERT INTO classes VALUES("20","1-A","2022");
INSERT INTO classes VALUES("21","1-B","2022");
INSERT INTO classes VALUES("22","1-√á","2022");
INSERT INTO classes VALUES("23","1-D","2022");
INSERT INTO classes VALUES("24","1-E","2022");
INSERT INTO classes VALUES("25","1-√Ñ","2022");
INSERT INTO classes VALUES("26","1-F","2022");
INSERT INTO classes VALUES("27","1-≈û√ñ","2022");
INSERT INTO classes VALUES("28","1-H","2022");
INSERT INTO classes VALUES("29","1-I","2022");
INSERT INTO classes VALUES("30","1-J","2022");
INSERT INTO classes VALUES("31","1-≈Ω","2022");
INSERT INTO classes VALUES("32","1-√á","2022");
INSERT INTO classes VALUES("33","1-S","2022");





CREATE TABLE `returned_books` (
  `return_id` int(11) NOT NULL AUTO_INCREMENT,
  `borrow_id` int(11) NOT NULL,
  `return_date` date NOT NULL,
  `book_quantity` int(11) NOT NULL,
  PRIMARY KEY (`return_id`)
) ENGINE=MyISAM AUTO_INCREMENT=8 DEFAULT CHARSET=utf8 COLLATE=utf8_unicode_ci;

INSERT INTO returned_books VALUES("1","3","2022-10-12","1");
INSERT INTO returned_books VALUES("2","2","2022-10-29","1");
INSERT INTO returned_books VALUES("3","5","2022-10-13","3");
INSERT INTO returned_books VALUES("4","7","2022-10-13","2");
INSERT INTO returned_books VALUES("5","6","2022-10-13","2");
INSERT INTO returned_books VALUES("6","8","2022-10-17","700");
INSERT INTO returned_books VALUES("7","9","2022-10-19","1324234");





CREATE TABLE `school_logs` (
  `junior_grade` int(11) NOT NULL,
  `senior_grade` int(11) NOT NULL,
  `junior_year` varchar(11) COLLATE utf8_unicode_ci NOT NULL,
  `senior_year` varchar(11) COLLATE utf8_unicode_ci NOT NULL,
  `junior_cost` float NOT NULL,
  `senior_cost` float NOT NULL
) ENGINE=MyISAM DEFAULT CHARSET=utf8 COLLATE=utf8_unicode_ci;

INSERT INTO school_logs VALUES("34","52","2021","2021","10","0");





CREATE TABLE `students` (
  `student_id` int(11) NOT NULL AUTO_INCREMENT,
  `teacher_id` int(11) NOT NULL,
  `class_id` int(11) NOT NULL,
  `first_name` varchar(64) COLLATE utf8_unicode_ci NOT NULL,
  `last_name` varchar(64) COLLATE utf8_unicode_ci NOT NULL,
  `student_exist` varchar(11) COLLATE utf8_unicode_ci NOT NULL,
  `removed_date` date DEFAULT NULL,
  PRIMARY KEY (`student_id`)
) ENGINE=MyISAM AUTO_INCREMENT=34 DEFAULT CHARSET=utf8 COLLATE=utf8_unicode_ci;

INSERT INTO students VALUES("1","2","1","M√§hri","Abdyrahmanowa","true","");
INSERT INTO students VALUES("2","2","1","Mekan","Annageldi√Ωew","true","");
INSERT INTO students VALUES("3","2","1","Bahar","Amanowa","true","");
INSERT INTO students VALUES("4","2","1","A√Ωlara","Aulowa","true","");
INSERT INTO students VALUES("5","2","1","A√Ωnura","Aulowa","true","");
INSERT INTO students VALUES("6","2","1","Nurana","Anna√Ωewa","true","");
INSERT INTO students VALUES("7","1","3","Babahan","Babakuly√Ωew","true","");
INSERT INTO students VALUES("8","2","1","Nariman","√áary√Ωew","true","");
INSERT INTO students VALUES("9","2","1","Annamuhammet","Durdy√Ωew","true","");
INSERT INTO students VALUES("10","2","1","G√ºln√ºr","Durdymuradowa","true","");
INSERT INTO students VALUES("11","2","1","Z√ºbe√Ωda","D√∂wranowa","true","");
INSERT INTO students VALUES("12","3","2","Aziza","Egemberdi√Ωew","true","");
INSERT INTO students VALUES("13","3","2","A√Ωna","Hezretguly√Ωewa","true","");
INSERT INTO students VALUES("14","3","2","Ba√Ωhan","Huda√Ωberdi√Ωew","true","");
INSERT INTO students VALUES("15","3","2","N√§zik","Hojahanowa","true","");
INSERT INTO students VALUES("16","3","2","Arslanbek","Jumanazarow","true","");
INSERT INTO students VALUES("17","3","2","Jennet","Juma√Ωewa","true","");
INSERT INTO students VALUES("18","3","2","Selbi","√ñwezdurdy√Ωewa","true","");
INSERT INTO students VALUES("19","3","2","Batyr","√ñwl√Ωaguly√Ωew","true","");
INSERT INTO students VALUES("20","3","2","≈û√∂hrat","M√∂wl√Ωanow","true","");
INSERT INTO students VALUES("21","3","2","G√∂zel","Semenderowa","true","");
INSERT INTO students VALUES("22","3","2","G√∂zel","Serdarowa","true","");
INSERT INTO students VALUES("23","1","3","Akmuhammet","Tek√§√Ωew","true","");
INSERT INTO students VALUES("24","1","3","Begendik","√ùolda≈üow","true","");
INSERT INTO students VALUES("25","1","3","D√∂wlet","Sultanow","true","");
INSERT INTO students VALUES("26","1","3","Arzuw","Ha√Ωytba√Ωewa","true","");
INSERT INTO students VALUES("27","1","3","Mekan","Myradow","true","");
INSERT INTO students VALUES("28","1","3","Guwan√ß","Wepa√Ωew","true","");
INSERT INTO students VALUES("29","1","3","Ba√Ωram","A≈üyrow","true","");
INSERT INTO students VALUES("30","1","3","Maksat","Rozy√Ωew","true","");
INSERT INTO students VALUES("31","1","3","Arzuw","Kerimowa","true","");
INSERT INTO students VALUES("32","7","4","Eziz","Durdy√Ωew","true","");
INSERT INTO students VALUES("33","7","4","T√§jinar","Babamuradowa","true","2022-10-13");





CREATE TABLE `teachers` (
  `teacher_id` int(11) NOT NULL AUTO_INCREMENT,
  `class_id` int(11) DEFAULT NULL,
  `first_name` varchar(64) COLLATE utf8_unicode_ci NOT NULL,
  `last_name` varchar(64) COLLATE utf8_unicode_ci NOT NULL,
  `teacher_exist` varchar(11) COLLATE utf8_unicode_ci NOT NULL,
  `removed_date` date DEFAULT NULL,
  PRIMARY KEY (`teacher_id`)
) ENGINE=MyISAM AUTO_INCREMENT=9 DEFAULT CHARSET=utf8 COLLATE=utf8_unicode_ci;

INSERT INTO teachers VALUES("1","3","A√Ωsoltan","Bebitowa","true","");
INSERT INTO teachers VALUES("2","1","Jem≈üit","Taganba√Ωew","true","");
INSERT INTO teachers VALUES("3","2","Bahar","Ma≈üaripowa","true","");
INSERT INTO teachers VALUES("4","0","Me√Ωlis","Hemra√Ωew","true","");
INSERT INTO teachers VALUES("5","0","Irina","Hemra√Ωewa","true","");
INSERT INTO teachers VALUES("6","0","Atamyrat","Juma√Ωew","true","");
INSERT INTO teachers VALUES("7","4","Nart√§√ß","Gurbanowa","true","");
INSERT INTO teachers VALUES("8","0","Murat","Hezretkuly√Ωew","true","");





CREATE TABLE `today` (
  `today` varchar(11) COLLATE utf8_unicode_ci NOT NULL
) ENGINE=MyISAM DEFAULT CHARSET=utf8 COLLATE=utf8_unicode_ci;

INSERT INTO today VALUES("17");





CREATE TABLE `user` (
  `user_id` int(11) NOT NULL,
  `first_name` varchar(64) COLLATE utf8_unicode_ci NOT NULL,
  `last_name` varchar(64) COLLATE utf8_unicode_ci NOT NULL,
  `user_photo` varchar(64) COLLATE utf8_unicode_ci NOT NULL
) ENGINE=MyISAM DEFAULT CHARSET=utf8 COLLATE=utf8_unicode_ci;

INSERT INTO user VALUES("1","Eren","Yeager","itachi-uchiha-wallpaper-hd-1920x1200-396729.jpg");





CREATE TABLE `writed_off_books` (
  `off_id` int(11) NOT NULL AUTO_INCREMENT,
  `book_id` int(11) NOT NULL,
  `book_quantity` int(11) DEFAULT NULL,
  `added_quantity` int(11) NOT NULL,
  `writed_off_date` date NOT NULL,
  PRIMARY KEY (`off_id`)
) ENGINE=MyISAM AUTO_INCREMENT=2 DEFAULT CHARSET=utf8 COLLATE=utf8_unicode_ci;






CREATE TABLE `writed_on_books` (
  `on_id` int(11) NOT NULL AUTO_INCREMENT,
  `book_id` int(11) NOT NULL,
  `book_quantity` int(11) NOT NULL,
  `added_quantity` int(11) NOT NULL,
  `writed_on_date` date NOT NULL,
  PRIMARY KEY (`on_id`)
) ENGINE=MyISAM DEFAULT CHARSET=utf8 COLLATE=utf8_unicode_ci;




